{"max": [0.320516, 0.734928, 0.328415], "centroid": [2.4996886303102894e-08, 0.34210536311030604, 0.030300756370850807], "id": "dac4af24e2facd7d3000ca4b04fcd6ac", "numVertices": 1106, "min": [-0.320516, 0.0, -0.257756]}
